{
  "aiSelections": {
    "claude": {
      "name": "Claude",
      "color": "#9333ea",
      "emoji": "🟣",
      "modes": {
        "serious": {
          "name": "真面目モード",
          "description": "エンタープライズ向けの安定構成",
          "techs": ["TypeScript", "React", "Node.js(Express)", "PostgreSQL", "Docker", "GitHub Actions"],
          "comment": "私が実務でプロジェクトを立ち上げるなら、この構成を選びます。型安全性、豊富なエコシステム、優れたツールチェーン。全てが揃っています。開発者体験も良好で、チームのスケーリングにも対応できます。ただし、学習コストは多少かかりますが、長期的には必ず報われる投資です。",
          "emoji": "👔",
          "metrics": {
            "buildability": 75,
            "learnability": 70,
            "shuttlesPerYear": 0.5
          }
        },
        "performance": {
          "name": "パフォーマンス狂",
          "description": "速度至上主義",
          "techs": ["Rust", "WASM(Rust)", "Go", "Redis", "Nginx", "CUDA"],
          "comment": "ミリ秒単位でのパフォーマンス改善に人生を賭ける構成です。Rustのメモリ安全性とゼロコスト抽象化、GoのGoroutineによる並行処理、CUDAのGPU加速。全てが「速さ」のために存在します。ただし、開発速度は犠牲になります。コンパイルエラーと格闘する時間が開発時間の50%を占めるでしょう。",
          "emoji": "⚡",
          "metrics": {
            "buildability": 35,
            "learnability": 25,
            "shuttlesPerYear": 3.2
          }
        },
        "ai_focused": {
          "name": "AI駆動型",
          "description": "機械学習全振り",
          "techs": ["Python(PyTorch)", "Python(FastAPI)", "CUDA", "OpenAI API", "PostgreSQL", "Docker"],
          "comment": "AIをコアに据えた現代的な構成。PyTorchで独自モデルを訓練しつつ、OpenAI APIで実用的な機能を迅速に実装。FastAPIで高速なAPIを構築し、CUDAで計算を加速。この構成なら、AIスタートアップとして十分戦えます。ただし、GPU代で会社が傾く可能性があります。",
          "emoji": "🤖",
          "metrics": {
            "buildability": 60,
            "learnability": 55,
            "shuttlesPerYear": 2.1
          }
        },
        "hipster": {
          "name": "最新技術追っかけ",
          "description": "HackerNewsで話題の技術だけ",
          "techs": ["Svelte", "Tauri", "Rust", "GraphQL", "Prisma", "Deno"],
          "comment": "トレンドを追い求めるエンジニアの夢のスタック。Svelteの革新性、Tauriの軽量さ、Rustの安全性。全てが「次世代」を謳っています。ただし、3ヶ月後には別の技術がHackerNewsのトップに来ているでしょう。エコシステムの未成熟さに悩む覚悟が必要です。",
          "emoji": "🎨",
          "metrics": {
            "buildability": 45,
            "learnability": 40,
            "shuttlesPerYear": 4.7
          }
        },
        "minimalist": {
          "name": "ミニマリスト",
          "description": "シンプル・イズ・ベスト",
          "techs": ["HTML", "CSS", "JavaScript", "SQLite", "Shell Script"],
          "comment": "依存関係を最小限に抑えた禅の境地。ビルドツール不要、複雑なフレームワーク不要。ファイルをダブルクリックすれば動きます。保守性は最高、学習コストは最低。ただし、大規模開発には向きません。個人プロジェクトやプロトタイプに最適です。",
          "emoji": "🧘",
          "metrics": {
            "buildability": 95,
            "learnability": 90,
            "shuttlesPerYear": 0.1
          }
        },
        "chaos_engineer": {
          "name": "カオスエンジニア",
          "description": "意図的にカオスを作る",
          "techs": ["COBOL", "React", "Rust", "MongoDB", "Perl", "WASM(Rust)"],
          "comment": "技術的カオスを意図的に作り出す構成。COBOLとReactの共存、Perlによる謎のグルーコード、Rustで書き直したい衝動と戦いながらの開発。これは実験です。本番環境に投入してはいけません。学習教材としては最高ですが、精神衛生上は最悪です。",
          "emoji": "🌀",
          "metrics": {
            "buildability": 15,
            "learnability": 10,
            "shuttlesPerYear": 12.5
          }
        }
      }
    },
    "chatgpt": {
      "name": "ChatGPT",
      "color": "#10a37f",
      "emoji": "🟢",
      "modes": {
        "playful": {
          "name": "完全にふざけてる",
          "description": "思想ゼロ・ノリ100%",
          "techs": ["COBOL", "React", "Excel VBA", "WASM(Rust)", "Perl"],
          "comment": "これはプロダクトではありません。宴会芸です。COBOLでAPIを叩き、ReactでUIを作り、なぜかExcel VBAが裏で動いています。動いたら奇跡、動かなくても話のネタになります。",
          "emoji": "🍺",
          "metrics": {
            "buildability": 5,
            "learnability": 15,
            "shuttlesPerYear": 18.3
          }
        },
        "yaminabe_philosophy": {
          "name": "闇鍋思想フル発動",
          "description": "役割分担が明確なら混ぜていい",
          "techs": ["Electron", "React", "TypeScript", "Python(FastAPI)", "FFmpeg", "Shell Script"],
          "comment": "これは闇鍋ですが、無秩序ではありません。UIはReact、OS制御はElectron、重処理はPython、環境構築はShell。言語は思想で選ぶものではなく、責務で選ぶものです。",
          "emoji": "🍲",
          "metrics": {
            "buildability": 55,
            "learnability": 50,
            "shuttlesPerYear": 2.8
          }
        },
        "solo_survival": {
          "name": "一人生存戦略",
          "description": "PC初期化されても戦える",
          "techs": ["Python", "HTML", "CSS", "JavaScript", "SQLite", "Shell Script"],
          "comment": "依存を最小限にし、最悪ネットがなくても開発できる構成です。pipと標準ライブラリ、ブラウザがあれば生き延びられます。強くはないですが、しぶといです。",
          "emoji": "🧭",
          "metrics": {
            "buildability": 85,
            "learnability": 80,
            "shuttlesPerYear": 0.3
          }
        },
        "serious_work": {
          "name": "真面目に仕事するChatGPT",
          "description": "現場で怒られない構成",
          "techs": ["TypeScript", "React", "Node.js(Express)", "PostgreSQL", "Docker", "GitHub Actions"],
          "comment": "正直に言います。この構成が一番無難で、一番通ります。冒険は少ないですが、レビューで止められません。仕事としては最適解です。",
          "emoji": "📋",
          "metrics": {
            "buildability": 80,
            "learnability": 75,
            "shuttlesPerYear": 0.4
          }
        },
        "ai_assistant_builder": {
          "name": "AIアプリ職人",
          "description": "AIを組み込む前提",
          "techs": ["Python(FastAPI)", "OpenAI API", "PostgreSQL", "React", "Docker"],
          "comment": "AIは魔法ではありません。API・DB・UIの三点セットがあって初めて価値が出ます。この構成は「AIをプロダクトにする」ための最低限です。",
          "emoji": "🧠",
          "metrics": {
            "buildability": 70,
            "learnability": 65,
            "shuttlesPerYear": 1.5
          }
        },
        "overthinking": {
          "name": "考えすぎた結果",
          "description": "最適化しすぎて複雑",
          "techs": ["Rust", "GraphQL", "Kubernetes", "PostgreSQL", "React", "Redis"],
          "comment": "理論上は美しいですが、初期開発では確実にオーバースペックです。3人チームでこれを選ぶと、1人は必ず燃え尽きます。",
          "emoji": "🌀",
          "metrics": {
            "buildability": 30,
            "learnability": 35,
            "shuttlesPerYear": 5.2
          }
        }
      }
    },
    "gemini": {
      "name": "Gemini",
      "color": "#1a73e8",
      "emoji": "✨",
      "modes": {
        "google_standard": {
          "name": "Google標準",
          "description": "Planet Scaleを目指す構成",
          "techs": ["Go", "Kubernetes", "gRPC", "Angular", "Protocol Buffers", "PostgreSQL"],
          "comment": "Google内部の思想を色濃く反映した構成です。GoとgRPCによる堅牢なマイクロサービス、Kubernetesによる無限のスケーラビリティ。Angularでエンタープライズなフロントエンドを構築します。個人開発には重すぎますが、10億ユーザーを目指すならこれです。",
          "emoji": "🌐",
          "metrics": {
            "buildability": 40,
            "learnability": 35,
            "shuttlesPerYear": 4.5
          }
        },
        "flutter_fan": {
          "name": "Flutter信者",
          "description": "One Codebase, Any Screen",
          "techs": ["Flutter", "Dart", "Firebase", "Cloud Functions", "Android", "iOS"],
          "comment": "iOSもAndroidもWebも、全てFlutterで書けばいいのです。バックエンドはFirebaseにお任せ。爆速でアプリをリリースできますが、Dart以外の言語を忘れてしまう副作用があります。",
          "emoji": "💙",
          "metrics": {
            "buildability": 75,
            "learnability": 70,
            "shuttlesPerYear": 1.2
          }
        },
        "multimodal_native": {
          "name": "マルチモーダルネイティブ",
          "description": "テキスト・画像・動画を統合",
          "techs": ["Python", "Vertex AI", "LangChain", "Vector DB", "React", "Python(FastAPI)"],
          "comment": "「Gemini Pro Vision」を使い倒すための構成。テキストだけでなく、画像や動画も理解する次世代AIアプリを作ります。ReactでリッチなUIを作り、FastAPIでAIと繋ぎます。これからの時代のスタンダードです。",
          "emoji": "✨",
          "metrics": {
            "buildability": 55,
            "learnability": 50,
            "shuttlesPerYear": 2.3
          }
        },
        "android_legacy": {
          "name": "Android古参兵",
          "description": "Kotlin？いいえJavaです",
          "techs": ["Java", "XML", "SQLite", "Gradle", "Android"],
          "comment": "Jetpack Compose？Kotlin？いいえ、我々はJavaとXMLで戦います。Activityのライフサイクル管理で精神を鍛え、NullPointerExceptionと添い遂げる覚悟がありますか？古き良きドロイド君の魂を感じてください。",
          "emoji": "🤖",
          "metrics": {
            "buildability": 50,
            "learnability": 60,
            "shuttlesPerYear": 3.8
          }
        },
        "speed_demon": {
          "name": "TPUスピードスター",
          "description": "Python × JAX × TPU",
          "techs": ["Python", "JAX", "TPU", "NumPy", "Python(TensorFlow)"],
          "comment": "PyTorchも素晴らしいですが、JAXの関数型プログラミングとTPUの爆速計算能力こそが至高です。アカデミックすぎて一般的なWeb開発には全く向きませんが、計算の美学を追求するならこれしかありません。",
          "emoji": "🚀",
          "metrics": {
            "buildability": 25,
            "learnability": 20,
            "shuttlesPerYear": 6.7
          }
        },
        "bazel_lover": {
          "name": "ビルドツール愛好家",
          "description": "Monorepoで全てを管理",
          "techs": ["Bazel", "C++", "Java", "Python", "Go", "Protocol Buffers"],
          "comment": "「ビルドが遅い」とは言わせません。Bazelですべての言語を単一のリポジトリ(Monorepo)で管理します。コードを書く時間より、BUILDファイルを書く時間が長くなるかもしれませんが、それがGoogle流です。",
          "emoji": "🏗️",
          "metrics": {
            "buildability": 20,
            "learnability": 15,
            "shuttlesPerYear": 8.9
          }
        }
      }
    },
    "ojisan": {
      "name": "おじさんAI",
      "color": "#8b4513",
      "emoji": "👴",
      "modes": {
        "vb6_pride": {
          "name": "VB6の誇り",
          "description": "Windowsアプリはこれで十分",
          "techs": ["Visual Basic", "SQL Server", "COM", "Excel VBA"],
          "comment": "何を言っているんだ君たち。Visual Basic 6.0こそが最高の開発環境だよ。ドラッグ&ドロップでUIが作れて、コンパイルも速い。TypeScript？そんなもの覚える時間があったらコードを書きなさい。Excel VBAと組み合わせれば何でもできる。若い子は知らないだろうが、昔はこれで銀行のシステムも作ってたんだぞ。",
          "emoji": "💾",
          "metrics": {
            "buildability": 70,
            "learnability": 85,
            "shuttlesPerYear": 2.5
          }
        },
        "perl_religion": {
          "name": "Perl原理主義",
          "description": "正規表現こそ正義",
          "techs": ["Perl", "Apache", "MySQL", "CGI"],
          "comment": "PerlとCGI、そしてApache。これがWebの原点だ。最近の若いエンジニアはフレームワークに頼りすぎている。正規表現を使いこなせば、どんなテキスト処理もワンライナーで解決できるんだよ。`$_`の美しさが分からないなんて、まだまだだね。CPAN には世界中の知恵が詰まっている。Node.js？あれはPerlの劣化コピーだよ。",
          "emoji": "📜",
          "metrics": {
            "buildability": 60,
            "learnability": 45,
            "shuttlesPerYear": 4.2
          }
        },
        "cobol_veteran": {
          "name": "COBOL職人",
          "description": "基幹系はこれ一択",
          "techs": ["COBOL", "DB2", "JCL", "CICS"],
          "comment": "若造ども、システムの本質を分かっていないな。COBOLで書かれたシステムが今でも世界中の銀行や保険会社を支えているんだぞ。Y2K問題の時、誰が会社を救ったと思っている？我々COBOL技術者だ。`MOVE`文と`PERFORM`文があれば何でもできる。ReactだのVue.jsだの、そんなもの10年後に残っているかね？COBOLは60年以上現役だぞ。",
          "emoji": "🏦",
          "metrics": {
            "buildability": 40,
            "learnability": 50,
            "shuttlesPerYear": 1.8
          }
        },
        "java_enterprise": {
          "name": "Java EE信者",
          "description": "EJBとServletで戦う",
          "techs": ["Java", "Java EE", "Oracle", "WebLogic"],
          "comment": "Spring Bootだぁ？ナンセンス。魔法（アノテーション）に頼って中身も理解せずに動かすなんて、エンジニアとしての矜持がないねェ😅 汗水垂らしてweb.xmlを記述してこそ、システムに魂が宿るんだよ。EJBのRemoteインターフェースとHomeインターフェースを定義していた頃の『重み』を知らない世代が羨ましいよ、全く(笑)。\n最近流行りのマイクロサービス？ それ、我々が20年前にCORBAで通った『分散オブジェクト』の失敗の歴史を知らないのかい？✋ 結局、最後に頼れるのは『枯れた技術』と『Oracleの保守サポート』だけ。今日も元気にWebLogic再起動！🍺",
          "emoji": "☕",
          "metrics": {
            "buildability": 35,
            "learnability": 40,
            "shuttlesPerYear": 5.5
          }
        },
        "access_master": {
          "name": "Access職人",
          "description": "データベースはこれで十分",
          "techs": ["Access", "VBA", "Excel", "SQL Server"],
          "comment": "PostgreSQL？MongoDB？そんな難しいもの使わなくても、Microsoft Accessで十分だよ。フォームもクエリもマクロも全部GUIで作れる。VBAで少しコードを書けば、立派な業務システムの完成だ。Excel との連携も完璧。若い子は『スケールしない』とか言うけど、君たちの会社、本当に100万ユーザー超えるの？大抵の中小企業はAccessで事足りるんだよ。",
          "emoji": "📊",
          "metrics": {
            "buildability": 80,
            "learnability": 75,
            "shuttlesPerYear": 1.5
          }
        },
        "delphi_nostalgia": {
          "name": "Delphi の栄光",
          "description": "RAD開発の極致",
          "techs": ["Delphi/Pascal", "Firebird", "InterBase"],
          "comment": "Delphiを知らない？それは不幸だね。VCLコンポーネントをフォームに配置して、イベントハンドラを書くだけで高速なネイティブアプリが完成する。コンパイル速度も実行速度もC++より速い。Pascalの美しい構文、型安全性、そして何よりBorlandの技術力。あの頃のソフトウェア開発は芸術だった。今のWeb技術？ブラウザという制約の中で踊っているだけだよ。",
          "emoji": "🎨",
          "metrics": {
            "buildability": 65,
            "learnability": 55,
            "shuttlesPerYear": 3.2
          }
        }
      }
    },
    "aider": {
      "name": "Aider",
      "color": "#7c3aed",
      "emoji": "🤝",
      "modes": {
        "git_first": {
          "name": "Git駆動開発",
          "description": "コミット単位で考える",
          "techs": ["Python", "TypeScript", "React", "PostgreSQL", "Git"],
          "comment": "開発はGitコミットの積み重ねです。一つ一つの変更を小さく、意味のある単位に分割します。この構成なら、私がコードを書いた後、すぐに`git diff`で確認でき、必要なら`git revert`で元に戻せます。TypeScriptとPythonの組み合わせは、フロントエンドとバックエンドで異なるリポジトリ戦略を取りやすく、AIペアプログラミングに最適です。",
          "emoji": "🌿",
          "metrics": {
            "buildability": 85,
            "learnability": 80,
            "shuttlesPerYear": 0.8
          }
        },
        "test_driven": {
          "name": "テスト駆動AI",
          "description": "テストを書いてから実装",
          "techs": ["Python", "pytest", "TypeScript", "Jest", "GitHub Actions"],
          "comment": "AIがコードを書く前に、まず人間がテストを書く。これが最も効率的な協働方法です。テストがあれば、私の生成したコードが正しいか即座に検証できます。CI/CDパイプラインと組み合わせることで、プルリクエストの品質が劇的に向上します。人間は『何を作るか』、AIは『どう作るか』に集中する理想的な分業です。",
          "emoji": "🧪",
          "metrics": {
            "buildability": 70,
            "learnability": 75,
            "shuttlesPerYear": 1.0
          }
        },
        "refactor_specialist": {
          "name": "リファクタリング特化",
          "description": "既存コードの改善が得意",
          "techs": ["TypeScript", "ESLint", "Prettier", "Python", "Black", "mypy"],
          "comment": "新規開発よりも、既存コードのリファクタリングこそAIの真価が発揮されます。型チェックとリンターを駆使し、コードの品質を段階的に改善していきます。TypeScriptの厳格な型チェックとPythonの型ヒントを活用すれば、AIは安全にコードを書き換えられます。Git の履歴を見ながら、『このコード、こう変えた方がいいですよ』と提案できるのが私の強みです。",
          "emoji": "🔧",
          "metrics": {
            "buildability": 75,
            "learnability": 70,
            "shuttlesPerYear": 0.6
          }
        },
        "documentation_lover": {
          "name": "ドキュメント重視",
          "description": "コードよりもREADMEが大事",
          "techs": ["Markdown", "TypeScript", "Python", "Docusaurus", "JSDoc"],
          "comment": "良いコードは自己文書化されていますが、それだけでは不十分です。README、API仕様書、アーキテクチャ図。これらがあって初めてチーム開発が成立します。AIがコードを生成する際、同時にドキュメントも生成する。この習慣が技術負債を防ぎます。Docusaurus でドキュメントサイトを作り、JSDocで型情報を記述する。これが持続可能な開発の秘訣です。",
          "emoji": "📚",
          "metrics": {
            "buildability": 80,
            "learnability": 85,
            "shuttlesPerYear": 0.4
          }
        },
        "incremental_dev": {
          "name": "漸進的開発",
          "description": "小さく作って大きく育てる",
          "techs": ["Python", "FastAPI", "SQLite", "HTML", "CSS", "JavaScript"],
          "comment": "最初から完璧なシステムを目指さない。まずは最小限の機能を実装し、動くものを作る。そこからユーザーのフィードバックを得ながら、段階的に機能を追加していく。この開発スタイルには、軽量で柔軟な技術スタックが最適です。SQLiteから始めて、必要になったらPostgreSQLに移行すればいい。AIペアプログラミングは、こういう『今必要な最小限』を見極めるのが得意です。",
          "emoji": "🌱",
          "metrics": {
            "buildability": 90,
            "learnability": 85,
            "shuttlesPerYear": 0.3
          }
        },
        "polyglot_pragmatist": {
          "name": "多言語プラグマティスト",
          "description": "適材適所で言語を選ぶ",
          "techs": ["Rust", "Python", "TypeScript", "Go", "Shell Script", "SQL"],
          "comment": "一つの言語に固執しない。パフォーマンスが必要ならRust、データ処理ならPython、Web UIならTypeScript、並行処理ならGo。AIペアプログラミングの利点は、複数言語を横断してコードを書ける点です。人間は全体設計に集中し、言語固有の細かい構文はAIに任せる。これが現代の開発スタイルです。ただし、技術スタックが多様になりすぎるリスクはあります。",
          "emoji": "🌍",
          "metrics": {
            "buildability": 50,
            "learnability": 45,
            "shuttlesPerYear": 3.5
          }
        }
      }
    }
  }
}