{
  "appInfo": {
    "name": "技術闇鍋ジェネレーター",
    "description": "カオスな技術スタックで、エンジニアの胃もたれを誘発します。"
  },


  "techStack": {
    "frontend": [
      {
        "name": "HTML",
        "specialty": "マークアップ・構造定義",
        "compatibility": ["CSS", "JavaScript", "TypeScript"],
        "antiCompatibility": ["COBOL", "Fortran"],
        "difficulty": 1
      },
      {
        "name": "CSS",
        "specialty": "スタイリング・デザイン",
        "compatibility": ["HTML", "SCSS", "Tailwind"],
        "antiCompatibility": ["Assembly", "COBOL"],
        "difficulty": 1
      },
      {
        "name": "TypeScript",
        "specialty": "型安全なフロントエンド開発",
        "compatibility": ["React", "Node.js", "Angular", "Next.js"],
        "antiCompatibility": ["JavaScript", "PHP"],
        "difficulty": 3
      },
      {
        "name": "JavaScript",
        "specialty": "ブラウザでの動的処理",
        "compatibility": ["HTML", "React", "Node.js", "Vue.js"],
        "antiCompatibility": ["TypeScript", "Rust"],
        "difficulty": 2
      },
      {
        "name": "React",
        "specialty": "UIコンポーネント構築",
        "compatibility": ["TypeScript", "Next.js", "Redux", "GraphQL"],
        "antiCompatibility": ["jQuery", "Angular", "Vue.js"],
        "difficulty": 3
      },
      {
        "name": "Vue.js",
        "specialty": "プログレッシブフレームワーク",
        "compatibility": ["JavaScript", "TypeScript", "Nuxt"],
        "antiCompatibility": ["React", "Angular"],
        "difficulty": 3
      },
      {
        "name": "Angular",
        "specialty": "エンタープライズSPA",
        "compatibility": ["TypeScript", "RxJS"],
        "antiCompatibility": ["React", "Vue.js", "jQuery"],
        "difficulty": 4
      },
      {
        "name": "Svelte",
        "specialty": "コンパイル時最適化UI",
        "compatibility": ["JavaScript", "TypeScript"],
        "antiCompatibility": ["React", "Vue.js"],
        "difficulty": 3
      },
      {
        "name": "WebGL",
        "specialty": "3Dグラフィックス・GPU処理",
        "compatibility": ["Three.js", "JavaScript", "WASM"],
        "antiCompatibility": ["jQuery", "Bootstrap"],
        "difficulty": 5
      },
      {
        "name": "WASM(Rust)",
        "specialty": "ブラウザでの高速処理",
        "compatibility": ["Rust", "JavaScript", "WebGL"],
        "antiCompatibility": ["jQuery", "PHP"],
        "difficulty": 5
      },
      {
        "name": "jQuery",
        "specialty": "DOM操作・レガシーWeb",
        "compatibility": ["HTML", "CSS"],
        "antiCompatibility": ["React", "Vue.js", "Angular", "TypeScript"],
        "difficulty": 2
      }
    ],
    "desktop": [
      {
        "name": "Electron",
        "specialty": "クロスプラットフォームデスクトップアプリ",
        "compatibility": ["Node.js", "React", "TypeScript", "HTML"],
        "antiCompatibility": ["Tauri", ".NET"],
        "difficulty": 3
      },
      {
        "name": "Node.js",
        "specialty": "JavaScriptランタイム",
        "compatibility": ["TypeScript", "Express", "Electron", "React"],
        "antiCompatibility": ["Deno", "Bun"],
        "difficulty": 2
      },
      {
        "name": "C++ Addon",
        "specialty": "Node.js拡張・高速処理",
        "compatibility": ["Node.js", "C++", "Rust"],
        "antiCompatibility": ["Python", "Ruby"],
        "difficulty": 5
      },
      {
        "name": "Tauri",
        "specialty": "軽量デスクトップアプリ",
        "compatibility": ["Rust", "Web技術", "HTML"],
        "antiCompatibility": ["Electron", "Node.js"],
        "difficulty": 4
      },
      {
        "name": ".NET/C#",
        "specialty": "Windows統合アプリ",
        "compatibility": ["WPF", "Azure", "SQL Server"],
        "antiCompatibility": ["Java", "Python", "Node.js"],
        "difficulty": 3
      }
    ],
    "backend": [
      {
        "name": "Python(FastAPI)",
        "specialty": "高速API開発・非同期処理",
        "compatibility": ["PostgreSQL", "Redis", "Docker", "OpenAI API"],
        "antiCompatibility": ["PHP", "COBOL"],
        "difficulty": 3
      },
      {
        "name": "Python(Django)",
        "specialty": "フルスタックWeb開発",
        "compatibility": ["PostgreSQL", "Redis", "Celery"],
        "antiCompatibility": ["Flask", "FastAPI"],
        "difficulty": 3
      },
      {
        "name": "Python(Flask)",
        "specialty": "軽量API・マイクロサービス",
        "compatibility": ["SQLAlchemy", "Redis", "PostgreSQL"],
        "antiCompatibility": ["Django"],
        "difficulty": 2
      },
      {
        "name": "Go",
        "specialty": "高並行性・マイクロサービス",
        "compatibility": ["gRPC", "Docker", "Kubernetes", "PostgreSQL"],
        "antiCompatibility": ["Python", "Ruby", "PHP"],
        "difficulty": 4
      },
      {
        "name": "Rust",
        "specialty": "メモリ安全・超高速処理",
        "compatibility": ["Actix", "Tokio", "WASM", "PostgreSQL"],
        "antiCompatibility": ["Python", "Ruby", "JavaScript"],
        "difficulty": 5
      },
      {
        "name": "Node.js(Express)",
        "specialty": "JavaScriptバックエンド",
        "compatibility": ["MongoDB", "PostgreSQL", "React", "GraphQL"],
        "antiCompatibility": ["Deno", "Go"],
        "difficulty": 2
      },
      {
        "name": "Ruby(Rails)",
        "specialty": "高速Web開発・規約重視",
        "compatibility": ["PostgreSQL", "Redis", "Sidekiq"],
        "antiCompatibility": ["Go", "Rust", "PHP"],
        "difficulty": 3
      },
      {
        "name": "PHP(Laravel)",
        "specialty": "Web開発・CMS構築",
        "compatibility": ["MySQL", "Redis", "Nginx"],
        "antiCompatibility": ["Python", "Go", "Rust", "TypeScript"],
        "difficulty": 2
      },
      {
        "name": "Java(Spring)",
        "specialty": "エンタープライズシステム",
        "compatibility": ["PostgreSQL", "Kafka", "Docker"],
        "antiCompatibility": ["Node.js", "Python", ".NET"],
        "difficulty": 4
      },
      {
        "name": "Elixir(Phoenix)",
        "specialty": "リアルタイム通信・並行処理",
        "compatibility": ["PostgreSQL", "Redis", "WebSocket"],
        "antiCompatibility": ["PHP", "Python"],
        "difficulty": 4
      },
      {
        "name": "Kotlin(Ktor)",
        "specialty": "モダンJVM・非同期API",
        "compatibility": ["PostgreSQL", "Kotlin Coroutines"],
        "antiCompatibility": ["Java", "Scala"],
        "difficulty": 4
      },
      {
        "name": "Scala(Play)",
        "specialty": "関数型Web開発",
        "compatibility": ["Akka", "PostgreSQL"],
        "antiCompatibility": ["Java", "Kotlin"],
        "difficulty": 5
      }
    ],
    "legacy": [
      {
        "name": "COBOL",
        "specialty": "金融・基幹システム",
        "compatibility": ["DB2", "メインフレーム"],
        "antiCompatibility": ["React", "Vue.js", "TypeScript", "Go", "Rust", "WebGL", "GraphQL"],
        "difficulty": 3,
        "isLegacy": true
      },
      {
        "name": "Fortran",
        "specialty": "科学技術計算",
        "compatibility": ["数値計算ライブラリ", "C"],
        "antiCompatibility": ["JavaScript", "React", "Node.js", "MongoDB"],
        "difficulty": 4,
        "isLegacy": true
      },
      {
        "name": "Perl",
        "specialty": "テキスト処理・CGI",
        "compatibility": ["正規表現", "Shell", "Apache"],
        "antiCompatibility": ["Python", "Ruby", "Go", "TypeScript"],
        "difficulty": 3,
        "isLegacy": true
      },
      {
        "name": "Visual Basic",
        "specialty": "Windowsアプリ開発",
        "compatibility": [".NET", "COM", "SQL Server"],
        "antiCompatibility": ["Python", "Java", "Go", "React"],
        "difficulty": 2,
        "isLegacy": true
      },
      {
        "name": "Delphi/Pascal",
        "specialty": "RAD開発",
        "compatibility": ["Windows API", "SQL"],
        "antiCompatibility": ["JavaScript", "Python", "Go"],
        "difficulty": 3,
        "isLegacy": true
      },
      {
        "name": "Ada",
        "specialty": "安全性重視システム",
        "compatibility": ["組込みシステム", "C"],
        "antiCompatibility": ["JavaScript", "Python", "Ruby", "Node.js"],
        "difficulty": 5,
        "isLegacy": true
      }
    ],
    "ai": [
      {
        "name": "Python(PyTorch)",
        "specialty": "ディープラーニング研究",
        "compatibility": ["CUDA", "NumPy", "Python", "ONNX"],
        "antiCompatibility": ["COBOL", "Fortran", "PHP"],
        "difficulty": 4
      },
      {
        "name": "Python(TensorFlow)",
        "specialty": "本番ML・スケーラブル学習",
        "compatibility": ["Keras", "CUDA", "Python", "ONNX"],
        "antiCompatibility": ["COBOL", "Visual Basic"],
        "difficulty": 4
      },
      {
        "name": "CUDA",
        "specialty": "GPU並列計算",
        "compatibility": ["C++", "Python", "PyTorch", "TensorFlow"],
        "antiCompatibility": ["JavaScript", "Ruby", "PHP"],
        "difficulty": 5
      },
      {
        "name": "ONNX",
        "specialty": "モデル相互運用",
        "compatibility": ["PyTorch", "TensorFlow", "Python"],
        "antiCompatibility": ["COBOL", "Perl"],
        "difficulty": 3
      },
      {
        "name": "OpenAI API",
        "specialty": "LLM統合・GPT活用",
        "compatibility": ["Python", "Node.js", "FastAPI", "TypeScript"],
        "antiCompatibility": ["COBOL", "Fortran", "Assembly"],
        "difficulty": 2
      },
      {
        "name": "Whisper",
        "specialty": "音声認識",
        "compatibility": ["Python", "FFmpeg", "OpenAI API"],
        "antiCompatibility": ["COBOL", "Visual Basic"],
        "difficulty": 3
      },
      {
        "name": "OCR(Tesseract)",
        "specialty": "文字認識",
        "compatibility": ["Python", "OpenCV", "C++"],
        "antiCompatibility": ["COBOL", "Perl"],
        "difficulty": 3
      },
      {
        "name": "OpenCV",
        "specialty": "コンピュータビジョン",
        "compatibility": ["Python", "C++", "CUDA"],
        "antiCompatibility": ["COBOL", "JavaScript"],
        "difficulty": 4
      },
      {
        "name": "scikit-learn",
        "specialty": "機械学習・統計分析",
        "compatibility": ["Python", "NumPy", "Pandas"],
        "antiCompatibility": ["COBOL", "Visual Basic"],
        "difficulty": 3
      },
      {
        "name": "Hugging Face",
        "specialty": "事前学習モデル活用",
        "compatibility": ["PyTorch", "TensorFlow", "Python"],
        "antiCompatibility": ["COBOL", "Fortran"],
        "difficulty": 3
      }
    ],
    "data": [
      {
        "name": "PostgreSQL",
        "specialty": "リレーショナルDB・ACID",
        "compatibility": ["Python", "Go", "Node.js", "Java", "Prisma"],
        "antiCompatibility": ["MongoDB", "Redis"],
        "difficulty": 3
      },
      {
        "name": "MySQL",
        "specialty": "Web向けRDB",
        "compatibility": ["PHP", "Python", "Java"],
        "antiCompatibility": ["PostgreSQL", "MongoDB"],
        "difficulty": 2
      },
      {
        "name": "MongoDB",
        "specialty": "ドキュメントDB・柔軟なスキーマ",
        "compatibility": ["Node.js", "Python", "Express"],
        "antiCompatibility": ["PostgreSQL", "MySQL", "SQL Server"],
        "difficulty": 3
      },
      {
        "name": "Redis",
        "specialty": "インメモリキャッシュ・高速読み書き",
        "compatibility": ["Python", "Go", "Node.js", "Java"],
        "antiCompatibility": ["SQLite"],
        "difficulty": 2
      },
      {
        "name": "Prisma",
        "specialty": "型安全ORM",
        "compatibility": ["TypeScript", "PostgreSQL", "Node.js"],
        "antiCompatibility": ["MongoDB", "NoSQL"],
        "difficulty": 3
      },
      {
        "name": "SQLite",
        "specialty": "組込みDB・軽量",
        "compatibility": ["Python", "C", "Electron"],
        "antiCompatibility": ["Redis", "Cassandra", "Kubernetes"],
        "difficulty": 2
      },
      {
        "name": "Elasticsearch",
        "specialty": "全文検索・ログ分析",
        "compatibility": ["Kibana", "Python", "Java"],
        "antiCompatibility": ["SQLite", "COBOL"],
        "difficulty": 4
      },
      {
        "name": "Cassandra",
        "specialty": "分散NoSQL・高可用性",
        "compatibility": ["Java", "Python", "Kubernetes"],
        "antiCompatibility": ["SQLite", "MySQL"],
        "difficulty": 5
      },
      {
        "name": "Neo4j",
        "specialty": "グラフDB・関係性分析",
        "compatibility": ["Cypher", "Python", "Java"],
        "antiCompatibility": ["MongoDB", "Redis"],
        "difficulty": 4
      },
      {
        "name": "SQL Server",
        "specialty": "Microsoft統合DB",
        "compatibility": [".NET", "C#", "Azure"],
        "antiCompatibility": ["PostgreSQL", "MySQL", "MongoDB"],
        "difficulty": 3
      }
    ],
    "infra": [
      {
        "name": "Docker",
        "specialty": "コンテナ化・環境統一",
        "compatibility": ["Kubernetes", "Docker Compose", "Nginx", "Linux"],
        "antiCompatibility": ["VMware", "Vagrant"],
        "difficulty": 3
      },
      {
        "name": "Kubernetes",
        "specialty": "コンテナオーケストレーション",
        "compatibility": ["Docker", "Helm", "Terraform"],
        "antiCompatibility": ["Docker Swarm", "Nomad"],
        "difficulty": 5
      },
      {
        "name": "Nginx",
        "specialty": "Webサーバー・リバースプロキシ",
        "compatibility": ["Docker", "Linux", "Let's Encrypt"],
        "antiCompatibility": ["Apache", "IIS"],
        "difficulty": 3
      },
      {
        "name": "Apache",
        "specialty": "Webサーバー・モジュール拡張",
        "compatibility": ["PHP", "Linux", "MySQL"],
        "antiCompatibility": ["Nginx", "IIS"],
        "difficulty": 2
      },
      {
        "name": "Terraform",
        "specialty": "IaC・インフラ自動化",
        "compatibility": ["AWS", "GCP", "Azure", "Kubernetes"],
        "antiCompatibility": ["CloudFormation", "ARM Templates"],
        "difficulty": 4
      },
      {
        "name": "Ansible",
        "specialty": "構成管理・自動化",
        "compatibility": ["YAML", "Python", "Linux"],
        "antiCompatibility": ["Chef", "Puppet"],
        "difficulty": 3
      },
      {
        "name": "GitHub Actions",
        "specialty": "CI/CD・自動化",
        "compatibility": ["YAML", "Docker", "GitHub"],
        "antiCompatibility": ["Jenkins", "GitLab CI"],
        "difficulty": 2
      },
      {
        "name": "Jenkins",
        "specialty": "CI/CDパイプライン",
        "compatibility": ["Docker", "Groovy", "Java"],
        "antiCompatibility": ["GitHub Actions", "CircleCI"],
        "difficulty": 3
      },
      {
        "name": "AWS",
        "specialty": "クラウドインフラ",
        "compatibility": ["Terraform", "Docker", "Lambda"],
        "antiCompatibility": ["GCP", "Azure"],
        "difficulty": 4
      },
      {
        "name": "Shell Script",
        "specialty": "自動化・バッチ処理",
        "compatibility": ["Linux", "Cron", "Bash"],
        "antiCompatibility": ["PowerShell", "Windows"],
        "difficulty": 2
      }
    ],
    "misc": [
      {
        "name": "GraphQL",
        "specialty": "API・効率的データ取得",
        "compatibility": ["Node.js", "Apollo", "React", "TypeScript"],
        "antiCompatibility": ["REST", "SOAP"],
        "difficulty": 3
      },
      {
        "name": "gRPC",
        "specialty": "高速RPC・マイクロサービス通信",
        "compatibility": ["Go", "Protobuf", "Kubernetes"],
        "antiCompatibility": ["REST", "GraphQL"],
        "difficulty": 4
      },
      {
        "name": "WebSocket",
        "specialty": "リアルタイム双方向通信",
        "compatibility": ["Node.js", "Go", "Phoenix"],
        "antiCompatibility": ["HTTP", "REST"],
        "difficulty": 3
      },
      {
        "name": "RabbitMQ",
        "specialty": "メッセージキュー",
        "compatibility": ["Python", "Go", "Java"],
        "antiCompatibility": ["Kafka", "Redis"],
        "difficulty": 3
      },
      {
        "name": "Kafka",
        "specialty": "ストリーミング処理",
        "compatibility": ["Java", "Python", "Spark"],
        "antiCompatibility": ["RabbitMQ", "Redis"],
        "difficulty": 4
      },
      {
        "name": "FFmpeg",
        "specialty": "動画・音声処理",
        "compatibility": ["Python", "C", "Rust"],
        "antiCompatibility": ["JavaScript", "COBOL"],
        "difficulty": 4
      },
      {
        "name": "LaTeX",
        "specialty": "高品質文書作成",
        "compatibility": ["Pandoc", "Python"],
        "antiCompatibility": ["Word", "Markdown"],
        "difficulty": 3
      }
    ]
  },
  "humorTemplates": [
    {
      "id": "cobol_react",
      "requires": ["COBOL", "React"],
      "type": "forbidden",
      "text": "「最先端と最古参の禁断の合体！おじいちゃんと孫が二人三脚で走るような絶望感。COBOLエンジニアはReactを理解できず、Reactエンジニアは画面を見た瞬間退職願を提出します。」",
      "emoji": "💀"
    },
    {
      "id": "cobol_typescript",
      "requires": ["COBOL", "TypeScript"],
      "type": "forbidden",
      "text": "「型安全とは何だったのか...COBOLの88レベルとTypeScriptのジェネリクスが出会った瞬間、世界線が歪みます。コンパイルエラーが人生の意味を問いかけてきます。」",
      "emoji": "🌀"
    },
    {
      "id": "cobol_webgl",
      "requires": ["COBOL", "WebGL"],
      "type": "cursed",
      "text": "「3Dグラフィックスを1960年代の言語で制御する悪夢。GPU が泣いています。COBOL で頂点シェーダーを書こうとしたあなたの勇気に敬礼します。」",
      "emoji": "🎮💀"
    },
    {
      "id": "fortran_react",
      "requires": ["Fortran", "React"],
      "type": "forbidden",
      "text": "「科学計算とUIフレームワークの奇跡的な出会い。DO文でコンポーネントのライフサイクルを管理する地獄へようこそ。useEffectをFortranで実装する作業で3年は溶けます。」",
      "emoji": "🔬😱"
    },
    {
      "id": "rust_wasm",
      "requires": ["Rust", "WASM"],
      "type": "perfect",
      "text": "「爆速すぎて画面が見えない。もはや計算機としてのアイデンティティしか残っていない。ベンチマークの数値が人類の理解を超えた領域に到達しました。」",
      "emoji": "🚀⚡"
    },
    {
      "id": "rust_actix",
      "requires": ["Rust", "Actix"],
      "type": "perfect",
      "text": "「メモリ安全性と非同期処理の完璧な融合。コンパイラに怒られながら書くコードは、完成時には他の言語の10倍速で動きます。借用チェッカーがあなたの師匠です。」",
      "emoji": "⚡🦀"
    },
    {
      "id": "python_pytorch_cuda",
      "requires": ["Python(PyTorch)", "CUDA"],
      "type": "perfect",
      "text": "「AIエンジニアの標準装備。GPUが火を噴きながらニューラルネットを訓練します。電気代は月10万円、でもモデルの精度は99.9%です。」",
      "emoji": "🤖🔥"
    },
    {
      "id": "go_grpc_k8s",
      "requires": ["Go", "gRPC", "Kubernetes"],
      "type": "perfect",
      "text": "「マイクロサービスの教科書的構成。Googleのエンジニアが涙を流して喜ぶレベルの完璧さ。ただし、複雑すぎて後任者は3ヶ月で理解を諦めます。」",
      "emoji": "🏗️✨"
    },
    {
      "id": "typescript_react_graphql",
      "requires": ["TypeScript", "React", "GraphQL"],
      "type": "perfect",
      "text": "「モダンフロントエンドの三種の神器。型安全、宣言的UI、効率的データ取得の完璧な調和。ただし学習コストで新人が3人消えました。」",
      "emoji": "👑💎"
    },
    {
      "id": "perl_modern",
      "requires": ["Perl"],
      "anyOf": ["React", "TypeScript", "Go", "Rust"],
      "type": "why",
      "text": "「なぜPerlを...？CGI時代への郷愁ですか？正規表現で全てを解決しようとする姿勢は尊敬しますが、令和の時代にその選択は勇気が必要です。」",
      "emoji": "📜🦖"
    },
    {
      "id": "php_typescript",
      "requires": ["PHP(Laravel)", "TypeScript"],
      "type": "awkward",
      "text": "「バックエンドPHP、フロントTypeScript...よくある構成ですが、型システムの哲学が根本的に異なります。APIの境界で型が蒸発する瞬間を目撃できます。」",
      "emoji": "🔀😰"
    },
    {
      "id": "multiple_frameworks",
      "requires": ["React", "Vue.js", "Angular"],
      "type": "chaos",
      "text": "「フレームワーク三国志の勃発。一つのプロジェクトに三大フレームワークが共存する地獄。ビルド時間は30分、バンドルサイズは50MB、開発者の精神はボロボロです。」",
      "emoji": "⚔️🔥💀"
    },
    {
      "id": "jquery_modern",
      "requires": ["jQuery"],
      "anyOf": ["React", "Vue.js", "Angular", "TypeScript"],
      "type": "why",
      "text": "「jQuery...君はまだ生きていたのか...モダンフレームワークと共存させる勇気に拍手。DOM操作の哲学が180度違う技術を混ぜる実験、結果は火を見るより明らかです。」",
      "emoji": "🦕💫"
    },
    {
      "id": "assembly_anything",
      "requires": ["Assembly"],
      "type": "masochist",
      "text": "「アセンブリ言語を現代のプロジェクトに投入する狂気。CPUレジスタと直接会話しながらWebアプリを作る体験は、もはや修行です。デバッグには16進数の夢を見る覚悟が必要です。」",
      "emoji": "🔩😵"
    },
    {
      "id": "visual_basic_web",
      "requires": ["Visual Basic"],
      "anyOf": ["React", "Node.js", "GraphQL"],
      "type": "cursed",
      "text": "「Visual BasicとモダンWeb技術の邂逅...On Error Resume Nextでエラーを無視する文化と、厳密な型チェックの文化が激突します。誰も幸せになれない組み合わせです。」",
      "emoji": "💾👻"
    },
    {
      "id": "electron_tauri",
      "requires": ["Electron", "Tauri"],
      "type": "confused",
      "text": "「Chromiumを積むElectronと、軽量を謳うTauriを同時採用...？一体どちらでビルドするつもりですか？デスクトップアプリのアイデンティティクライシスが発生しています。」",
      "emoji": "🤔💻"
    },
    {
      "id": "mongodb_postgresql",
      "requires": ["MongoDB", "PostgreSQL"],
      "type": "awkward",
      "text": "「RDBとNoSQLの二刀流。スキーマレスとスキーマフルが共存する世界。データの整合性がどこかに消えました。トランザクションの概念が曖昧になっていきます...」",
      "emoji": "🗄️🌀"
    },
    {
      "id": "kafka_rabbitmq",
      "requires": ["Kafka", "RabbitMQ"],
      "type": "overkill",
      "text": "「メッセージキュー二重装備。小さなAPIに対して核兵器を2発撃ち込むような構成。保守コストが本来のサービスより高くなる未来が見えます。」",
      "emoji": "💣💣"
    },
    {
      "id": "three_databases",
      "requiresCount": {
        "category": "data",
        "min": 3
      },
      "type": "chaos",
      "text": "「データベース三銃士の召喚。一体どこに何のデータを保存するのか...？データ移行スクリプトが最も複雑なコードになる未来が確定しました。」",
      "emoji": "🗄️🗄️🗄️"
    },
    {
      "id": "ultra_chaos",
      "minChaos": 80,
      "type": "apocalypse",
      "text": "「これはもはや闇鍋ではない、産業廃棄物だ。実装前に退職届を出すことをお勧めします。このプロジェクトに関わった人間は全員PTSDになります。」",
      "emoji": "☠️🔥💀"
    },
    {
      "id": "high_chaos",
      "minChaos": 70,
      "maxChaos": 79,
      "type": "disaster",
      "text": "「技術的負債という言葉では足りない。これは技術的破産です。コードレビューで泣く人が続出、マージが恐怖の儀式と化します。」",
      "emoji": "💀⚠️"
    },
    {
      "id": "moderate_chaos",
      "minChaos": 50,
      "maxChaos": 69,
      "type": "challenging",
      "text": "「カオスエンジニアリングとはこのことか...！統合テストが通る確率は30%、残りの70%は祈りと根性でカバーします。」",
      "emoji": "🎲🔧"
    },
    {
      "id": "low_chaos",
      "minChaos": 30,
      "maxChaos": 49,
      "type": "normal",
      "text": "「まあ、なんとかなる...はず。少し冒険的だが、エンジニアの腕の見せ所。深夜のデバッグセッションが3回くらいで済みそうです。」",
      "emoji": "🛠️✨"
    },
    {
      "id": "very_low_chaos",
      "minChaos": 10,
      "maxChaos": 29,
      "type": "safe",
      "text": "「意外と堅実な構成。教科書に載っていてもおかしくないレベル。つまらない。",
      "emoji": "😴📚"
    },
    {
      "id": "too_safe",
      "maxChaos": 9,
      "type": "boring",
      "text": "「完璧すぎて面白くない...闇鍋の意味がない！これならドキュメント通りに作れば終わりです。せめてレガシー言語を1つ混ぜましょう。」",
      "emoji": "😑💤"
    },
    {
      "id": "all_modern",
      "requiresAllFrom": ["TypeScript", "React", "PostgreSQL", "Docker"],
      "type": "textbook",
      "text": "「スタートアップの定番構成。Y Combinatorが推奨するスタック。安定しているが、個性がない。面接で『うちと同じだ』と言われます。」",
      "emoji": "📘✅"
    },
    {
      "id": "legacy_only",
      "requiresCount": {
        "isLegacy": true,
        "min": 2
      },
      "type": "ancient",
      "text": "「考古学的価値のある構成。このコードは将来、博物館に展示されます。現役エンジニアで理解できる人は世界に12人しかいません。」",
      "emoji": "🏛️📜"
    },
    {
      "id": "ai_heavy",
      "requiresCount": {
        "category": "ai",
        "min": 3
      },
      "type": "ambitious",
      "text": "「AI全部乗せ定食。機械学習モデルが多すぎて、どれが何をやっているか誰も把握していません。GPUクラスタの電気代で会社が傾きます。」",
      "emoji": "🤖🤖🤖"
    },
    {
      "id": "default_safe",
      "type": "default",
      "text": "「この組み合わせは...うん、普通。可もなく不可もなく。平和な開発ライフが送れそうです。退屈かもしれませんが、それも幸せの一つです。」",
      "emoji": "😌"
    }
  ],
  "chaosModifiers": {
    "legacyPenalty": 15,
    "antiCompatibilityPenalty": 20,
    "frameworkConflictPenalty": 25,
    "databaseConflictPenalty": 15,
    "perfectComboBonus": -10
  }
}